{"cameraMode":{"drawMode":0,"name":"Shaded","section":"Shading Mode"},"sceneLighting":false,"audioPlay":false,"sceneViewState":{"showFog":true,"showMaterialUpdate":false,"showSkybox":false,"showFlares":true,"showImageEffects":true,"showParticleSystems":true},"in2DMode":false,"pivot":{"x":0.0005058646202087402,"y":0.022312631830573083,"z":0.00435807928442955},"rotation":{"x":0.0009176517487503588,"y":-0.8597161173820496,"z":0.0015604845248162747,"w":0.5108022689819336},"size":3.9627230167388918,"orthographic":false}